{
  "schemaNamespace": "UpliftAPI",
  "input": {
    "operationSearchPaths": [
      "../**/*.graphql"
    ],
    "schemaSearchPaths": [
      "../**/*.graphqls"
    ]
  },
  "output": {
    "testMocks": {
      "none": {}
    },
    "schemaTypes": {
      "path": "../UpliftAPI",
      "moduleType": {
        "swiftPackageManager": {}
      }
    },
    "operations": {
      "inSchemaModule": {}
    }
  },
  "schemaDownload": {
    "downloadMethod": {
      "introspection": {
        "endpointURL": "https://uplift-backend.cornellappdev.com/graphql",
        "httpMethod": {
          "POST": {}
        },
        "includeDeprecatedInputValues": false,
        "outputFormat": "SDL"
      }
    },
    "downloadTimeout": 60,
    "headers": [],
    "outputPath": "./schema.graphqls"
  }
}